Model Name,N = 10,Time Traverse N = 10,Time Compute N= 10,Std Compute N= 10,N = 18,Time Traverse N = 18,Time Compute N= 18,Std Compute N= 18,N = 32,Time Traverse N = 32,Time Compute N= 32,Std Compute N= 32,N = 56,Time Traverse N = 56,Time Compute N= 56,Std Compute N= 56,N = 100,Time Traverse N = 100,Time Compute N= 100,Std Compute N= 100
Time abu,10,27.46833470852149,0.19613824399420993,0.04238594895399186,18,26.957310613937008,0.7134059699974022,0.06325847846261994,32,26.724637259361707,3.918852720002178,0.2753229886148109,56,26.659881850313464,21.737483467999844,0.9741764675644444,100,26.637295400643,136.08422342600534,3.3228774344756573
Time bu,10,27.46833470852238,0.06086844800505787,0.004646093250896337,18,26.957303257016207,0.29675812199828216,0.02712611377294051,32,26.724637416174126,1.3107258059969171,0.0967079160856741,56,26.65988188132531,12.890953007991193,0.4785160846538101,100,26.63729539270331,82.12733707000268,1.4905721606452929
Time b,10,27.468334708498254,0.011966434000059962,0.0009599547394408905,18,26.957303257007748,0.038677779996069146,0.008602636008510838,32,26.724637259258145,0.10645514599396848,0.018792448369116605,56,26.659881796138702,0.4470985299942549,0.05218561363035109,100,26.63729539270753,1.7296859480044804,0.07262844104120612
Time SOCP abu,10,27.468334737575027,0.020034204002004116,0.003250227748764698,18,26.95730325978562,0.03697004600195214,0.007522715782024704,32,26.724637263055737,0.05902537800488062,0.01286426514372178,56,26.659881866996237,0.10198757799807937,0.015123334929744787,100,26.637295399496367,0.18921803400386125,0.03182553568139776
Time SOCP b,10,27.46833471611992,0.017814303999766707,0.0014980879324540672,18,26.957303315163042,0.033497371998382736,0.0069268396768836045,32,26.724637280196653,0.06065387000795454,0.019171744925089346,56,26.659881858926102,0.09664011800196022,0.018659089735144227,100,26.637295453624997,0.161993008001009,0.017527909664586405
