Model Name,N = 5,Time Traverse N = 5,Time Compute N= 5,N = 8,Time Traverse N = 8,Time Compute N= 8
Time abu,5,20.059415422782468,0.14762948200223036,8,20.060238181272265,0.39365288100088947
Time bu,5,20.059415423779264,0.03675257849681657,8,20.06023818126103,0.08154447349079419
Time b,5,20.05941542278422,0.01358592850738205,8,20.0602381812611,0.012832122505642474
Time SOCP abu,5,20.05941545684793,0.046303679497214034,8,20.06023819977049,0.062303900500410236
Time SOCP b,5,20.059415429537978,0.03681555300136097,8,20.060238194634735,0.058416983505594544
