Model Name,N = 10,Time Traverse N = 10,Time Compute N= 10,Std Compute N= 10,N = 18,Time Traverse N = 18,Time Compute N= 18,Std Compute N= 18,N = 32,Time Traverse N = 32,Time Compute N= 32,Std Compute N= 32,N = 56,Time Traverse N = 56,Time Compute N= 56,Std Compute N= 56
Time abu,10,28.074215425779578,2.97327508599963,0.13038976728947368,18,27.241107534540237,20.973257346008904,0.41164526524072326,32,27.313455401619255,95.72524325200823,0.9788770016424332,56,27.12738318397823,519.2064000679925,2.167406820859335
Time bu,10,28.074215321531454,3.0220233260141685,0.13719127410697943,18,27.241107534829865,18.47459486400243,0.36630874179536077,32,27.313455393961732,87.39145889199804,0.8172636612704332,56,27.12738318291606,521.7090214459924,87.7085866479017
Time b,10,29.563413156642802,0.04686357800848782,0.009241013847174474,18,28.583194448936663,0.10333752003498375,0.020894909669059995,32,28.648903894847077,0.19789382801856845,0.03486305145902578,56,28.461330369152915,0.6317025340069086,0.05090159347619176
Time SOCP abu,10,28.07421538357977,0.03900133398361504,0.01526433524209259,18,27.241107595481086,0.0684689219808206,0.014802723219714852,32,27.31345540024818,0.12282815000042319,0.021411125533282293,56,27.12738321347691,0.22507488199975342,0.03541333087576949
Time SOCP b,10,29.5634131670215,0.03023783999029547,0.0012629588810727224,18,28.583194466411836,0.05868914998602122,0.012945609903182794,32,28.648903933164444,0.1153332900069654,0.02387214721065528,56,28.46133037897559,0.19701447798404842,0.027946490591286413
Time SQP abu,10,28.074215316695167,1.5265270840097218,0.11214451159307823,18,27.241107540019897,4.5898793200170624,0.1912960203388186,32,27.313455426847053,14.656112008001655,0.32548517999233795,56,27.127383220695222,58.27348955601919,10.521265788472173
Time SQP b,10,29.563413163618083,1.1868467959947884,0.08868453494875325,18,28.58319449031049,2.451673049996607,0.13068220775122988,32,80.71278602256223,0.7643440339993686,0.07591095044243402,56,99.99999999999991,0.7494950839970261,0.075546476599176
