Model Name,N = 10,Time Traverse N = 10,Time Compute N= 10,Std Compute N= 10,N = 18,Time Traverse N = 18,Time Compute N= 18,Std Compute N= 18,N = 32,Time Traverse N = 32,Time Compute N= 32,Std Compute N= 32,N = 56,Time Traverse N = 56,Time Compute N= 56,Std Compute N= 56,N = 100,Time Traverse N = 100,Time Compute N= 100,Std Compute N= 100
Time abu,10,20.060474043161122,0.30036009999457747,0.0,18,20.060829065474337,1.4269300000160001,0.0,32,20.060655851819384,7.795549599977676,0.0,56,20.074325376364254,37.16882139997324,0.0,100,20.066204710849583,194.08253090002108,0.0
Time bu,10,20.06047404316009,0.07432179996976629,0.0,18,20.060829065474334,0.3850510999909602,0.0,32,20.06065439742378,1.3752363999956287,0.0,56,20.074325494194337,7.734993899997789,0.0,100,20.066204706660116,68.51749350002501,0.0
Time b,10,20.060474043151746,0.009008799970615655,0.0,18,20.060829065474362,0.030825399968307465,0.0,32,20.060654397420286,0.08150400000158697,0.0,56,20.074325365929553,2.4849682999774814,0.0,100,20.066204706383065,9.999775799980853,0.0
Time SOCP abu,10,20.06047404760671,0.045487299968954176,0.0,18,20.060829067473414,0.08200029999716207,0.0,32,20.060654402116675,0.1370496000163257,0.0,56,20.074325383203973,0.2433344000019133,0.0,100,20.066204713551933,0.43280130001949146,0.0
Time SOCP b,10,20.0604740569008,0.04193389997817576,0.0,18,20.060829091458757,0.0755131000187248,0.0,32,20.06065439933503,0.12480029999278486,0.0,56,20.07432536706376,0.22373480000533164,0.0,100,20.06620471181056,0.40209649997996166,0.0
Time SQP abu,10,20.06050602586231,0.19513449998339638,0.0,18,20.060835427298223,0.4009247000212781,0.0,32,20.06065672230013,0.7112276999978349,0.0,56,20.074325372561134,5.93064829998184,0.0,100,20.0662047141366,12.747021100018173,0.0
Time SQP b,10,20.064534347212287,1.0353283999720588,0.0,18,20.064836621761813,0.7731995999929495,0.0,32,20.064642209202134,3.685107800003607,0.0,56,20.123408146429668,15.68835199996829,0.0,100,20.262123061812286,31.75768609996885,0.0
