Model Name,N = 10,Time Traverse N = 10,Time Compute N= 10,Std Compute N= 10,N = 18,Time Traverse N = 18,Time Compute N= 18,Std Compute N= 18,N = 32,Time Traverse N = 32,Time Compute N= 32,Std Compute N= 32,N = 56,Time Traverse N = 56,Time Compute N= 56,Std Compute N= 56
Time abu,10,20.767276013915925,3.672574943995569,0.16362118356018807,18,20.767466534220826,18.88366195599316,0.39155171480416884,32,20.767604673855196,79.8801122840005,0.7486358357775924,56,20.768438956016468,342.6855210140138,2.5353040520874592
Time bu,10,20.767276122321796,3.082485552006401,0.15224548927398687,18,20.767466535109946,17.781430730004796,0.438597732694706,32,20.76760467523971,64.70824809800601,0.8951017373133693,56,20.76843895597601,295.7826277779997,2.130084456867231
Time b,10,21.867220965544107,0.025338901996146888,0.005271783341323923,18,21.86716284344351,0.07357098798966036,0.01790603721678192,32,21.867578579975532,0.1771113419975154,0.025540552602512454,56,21.86847444113422,0.43862025799462573,0.04862456800337707
Time SOCP abu,10,20.767275549364552,0.04029727200511843,0.01272331264572448,18,20.767466551338778,0.06866958798840642,0.01921484859819484,32,20.76760472707617,0.12035552599932998,0.023728275841102733,56,20.768438963640545,0.2148894640034996,0.029931637351774728
Time SOCP b,10,21.867220967384476,0.04180638599907979,0.015650127150029856,18,21.867162847279914,0.055379210016690196,0.002683050554101806,32,21.86757859260077,0.10970328399678692,0.020011865930499067,56,21.868474472709764,0.19053276599152014,0.02792905802064306
Time SQP abu,10,20.76727550816173,1.2998137620068155,0.11258520578359883,18,20.767466572791733,3.4936948500061407,0.18532353637645152,32,20.76760487556404,10.63132005799096,0.2801900988776273,56,20.76843916056155,48.07007867398672,0.6778201005821824
Time SQP b,10,21.86722101211005,0.724375985993538,0.05922369248038922,18,21.867162894716333,1.5374723040009848,0.11116420378054884,32,21.867578836198504,2.5413388279918583,0.13548695225401727,56,21.868646221195394,3.694500567999203,0.15789131789225602
