Model Name,N = 10,Time Traverse N = 10,Time Compute N= 10,N = 20,Time Traverse N = 20,Time Compute N= 20,N = 30,Time Traverse N = 30,Time Compute N= 30,N = 50,Time Traverse N = 50,Time Compute N= 50
Time abu,10,20.202820457292578,1.8889080769731663,20,20.00930763544173,13.237993046001066,30,20.101877792031868,39.29710215999512,50,20.17687564467229,160.96781094998005
Time bu,10,20.20282045728835,0.5882042390003335,20,20.00930754612112,4.919975785014685,30,20.10187778223618,27.761145280004712,50,20.176875656464727,88.92532319499878
Time b,10,20.202820457288105,0.07363888301188126,20,20.009307535474967,0.7637282320065424,30,20.101877782063706,2.9801321440027095,50,20.176875641531893,21.182575440005166
Time SOCP abu,10,20.20282047717255,0.23529848697944544,20,20.009307536885697,0.46451366000110283,30,20.101877803007877,0.7020073040039279,50,20.17687564571278,1.1845903449866455
Time SOCP b,10,20.202820459075863,0.20112578899716027,20,20.009307541356907,0.4302007689839229,30,20.101877807094514,0.6236964690033346,50,20.176875644364884,1.0431379859801382
