Model Name,N = 5,Time Traverse N = 5,Time Compute N= 5,N = 8,Time Traverse N = 8,Time Compute N= 8
Time abu,5,20.05941542278355,0.14100446150405332,8,20.060265002553102,0.3697429774911143
Time bu,5,20.059415423779264,0.030138250993331894,8,20.06023818126103,0.07742710549791809
Time b,5,20.05941542278422,0.010427723507746123,8,20.0602381812611,0.01104104649857618
Time SOCP abu,5,20.05941545684793,0.04010503699828405,8,20.06023819977049,0.062230017996625975
Time SOCP b,5,20.059415429537978,0.03379532400867902,8,20.060238194634735,0.05633678499725647
