Model Name,N = 5,Time Traverse N = 5,Time Compute N= 5,N = 10,Time Traverse N = 10,Time Compute N= 10,N = 15,Time Traverse N = 15,Time Compute N= 15
Time abu,5,139.37628941201663,0.5735101090103853,10,54.660057856787496,2.599950384988915,15,44.64493510128065,7.152607724012341
Time bu,5,139.37628941479457,0.135517060989514,10,54.660057852483845,0.9490384509845171,15,44.644935101023286,3.917906665999908
Time b,5,139.3762705401545,0.08366566800395958,10,54.66005643435149,0.5604745319869835,15,44.644935088866504,0.7737234510132112
Time SOCP abu,5,139.37629055542538,0.14004122599726543,10,54.660058216013475,0.2512660219799727,15,44.64492009431966,0.4341204229858704
Time SOCP b,5,139.37629615537793,0.1286789400037378,10,54.66005982544096,0.20467815300798975,15,44.644935212610314,0.3623052059847396
